Category,Sub-Category,Discount_Range,Order Year,Sales,Profit,Quantity,Order_Count,Profit_Margin,Avg_Profit_per_Order
Furniture,Accessories,0-10%,2014,0.0,0.0,0,0,,
Furniture,Accessories,0-10%,2015,0.0,0.0,0,0,,
Furniture,Accessories,0-10%,2016,0.0,0.0,0,0,,
Furniture,Accessories,0-10%,2017,0.0,0.0,0,0,,
Furniture,Accessories,10-20%,2014,0.0,0.0,0,0,,
Furniture,Accessories,10-20%,2015,0.0,0.0,0,0,,
Furniture,Accessories,10-20%,2016,0.0,0.0,0,0,,
Furniture,Accessories,10-20%,2017,0.0,0.0,0,0,,
Furniture,Accessories,20-30%,2014,0.0,0.0,0,0,,
Furniture,Accessories,20-30%,2015,0.0,0.0,0,0,,
Furniture,Accessories,20-30%,2016,0.0,0.0,0,0,,
Furniture,Accessories,20-30%,2017,0.0,0.0,0,0,,
Furniture,Accessories,30-40%,2014,0.0,0.0,0,0,,
Furniture,Accessories,30-40%,2015,0.0,0.0,0,0,,
Furniture,Accessories,30-40%,2016,0.0,0.0,0,0,,
Furniture,Accessories,30-40%,2017,0.0,0.0,0,0,,
Furniture,Accessories,40-50%,2014,0.0,0.0,0,0,,
Furniture,Accessories,40-50%,2015,0.0,0.0,0,0,,
Furniture,Accessories,40-50%,2016,0.0,0.0,0,0,,
Furniture,Accessories,40-50%,2017,0.0,0.0,0,0,,
Furniture,Accessories,50%+,2014,0.0,0.0,0,0,,
Furniture,Accessories,50%+,2015,0.0,0.0,0,0,,
Furniture,Accessories,50%+,2016,0.0,0.0,0,0,,
Furniture,Accessories,50%+,2017,0.0,0.0,0,0,,
Furniture,Appliances,0-10%,2014,0.0,0.0,0,0,,
Furniture,Appliances,0-10%,2015,0.0,0.0,0,0,,
Furniture,Appliances,0-10%,2016,0.0,0.0,0,0,,
Furniture,Appliances,0-10%,2017,0.0,0.0,0,0,,
Furniture,Appliances,10-20%,2014,0.0,0.0,0,0,,
Furniture,Appliances,10-20%,2015,0.0,0.0,0,0,,
Furniture,Appliances,10-20%,2016,0.0,0.0,0,0,,
Furniture,Appliances,10-20%,2017,0.0,0.0,0,0,,
Furniture,Appliances,20-30%,2014,0.0,0.0,0,0,,
Furniture,Appliances,20-30%,2015,0.0,0.0,0,0,,
Furniture,Appliances,20-30%,2016,0.0,0.0,0,0,,
Furniture,Appliances,20-30%,2017,0.0,0.0,0,0,,
Furniture,Appliances,30-40%,2014,0.0,0.0,0,0,,
Furniture,Appliances,30-40%,2015,0.0,0.0,0,0,,
Furniture,Appliances,30-40%,2016,0.0,0.0,0,0,,
Furniture,Appliances,30-40%,2017,0.0,0.0,0,0,,
Furniture,Appliances,40-50%,2014,0.0,0.0,0,0,,
Furniture,Appliances,40-50%,2015,0.0,0.0,0,0,,
Furniture,Appliances,40-50%,2016,0.0,0.0,0,0,,
Furniture,Appliances,40-50%,2017,0.0,0.0,0,0,,
Furniture,Appliances,50%+,2014,0.0,0.0,0,0,,
Furniture,Appliances,50%+,2015,0.0,0.0,0,0,,
Furniture,Appliances,50%+,2016,0.0,0.0,0,0,,
Furniture,Appliances,50%+,2017,0.0,0.0,0,0,,
Furniture,Art,0-10%,2014,0.0,0.0,0,0,,
Furniture,Art,0-10%,2015,0.0,0.0,0,0,,
Furniture,Art,0-10%,2016,0.0,0.0,0,0,,
Furniture,Art,0-10%,2017,0.0,0.0,0,0,,
Furniture,Art,10-20%,2014,0.0,0.0,0,0,,
Furniture,Art,10-20%,2015,0.0,0.0,0,0,,
Furniture,Art,10-20%,2016,0.0,0.0,0,0,,
Furniture,Art,10-20%,2017,0.0,0.0,0,0,,
Furniture,Art,20-30%,2014,0.0,0.0,0,0,,
Furniture,Art,20-30%,2015,0.0,0.0,0,0,,
Furniture,Art,20-30%,2016,0.0,0.0,0,0,,
Furniture,Art,20-30%,2017,0.0,0.0,0,0,,
Furniture,Art,30-40%,2014,0.0,0.0,0,0,,
Furniture,Art,30-40%,2015,0.0,0.0,0,0,,
Furniture,Art,30-40%,2016,0.0,0.0,0,0,,
Furniture,Art,30-40%,2017,0.0,0.0,0,0,,
Furniture,Art,40-50%,2014,0.0,0.0,0,0,,
Furniture,Art,40-50%,2015,0.0,0.0,0,0,,
Furniture,Art,40-50%,2016,0.0,0.0,0,0,,
Furniture,Art,40-50%,2017,0.0,0.0,0,0,,
Furniture,Art,50%+,2014,0.0,0.0,0,0,,
Furniture,Art,50%+,2015,0.0,0.0,0,0,,
Furniture,Art,50%+,2016,0.0,0.0,0,0,,
Furniture,Art,50%+,2017,0.0,0.0,0,0,,
Furniture,Binders,0-10%,2014,0.0,0.0,0,0,,
Furniture,Binders,0-10%,2015,0.0,0.0,0,0,,
Furniture,Binders,0-10%,2016,0.0,0.0,0,0,,
Furniture,Binders,0-10%,2017,0.0,0.0,0,0,,
Furniture,Binders,10-20%,2014,0.0,0.0,0,0,,
Furniture,Binders,10-20%,2015,0.0,0.0,0,0,,
Furniture,Binders,10-20%,2016,0.0,0.0,0,0,,
Furniture,Binders,10-20%,2017,0.0,0.0,0,0,,
Furniture,Binders,20-30%,2014,0.0,0.0,0,0,,
Furniture,Binders,20-30%,2015,0.0,0.0,0,0,,
Furniture,Binders,20-30%,2016,0.0,0.0,0,0,,
Furniture,Binders,20-30%,2017,0.0,0.0,0,0,,
Furniture,Binders,30-40%,2014,0.0,0.0,0,0,,
Furniture,Binders,30-40%,2015,0.0,0.0,0,0,,
Furniture,Binders,30-40%,2016,0.0,0.0,0,0,,
Furniture,Binders,30-40%,2017,0.0,0.0,0,0,,
Furniture,Binders,40-50%,2014,0.0,0.0,0,0,,
Furniture,Binders,40-50%,2015,0.0,0.0,0,0,,
Furniture,Binders,40-50%,2016,0.0,0.0,0,0,,
Furniture,Binders,40-50%,2017,0.0,0.0,0,0,,
Furniture,Binders,50%+,2014,0.0,0.0,0,0,,
Furniture,Binders,50%+,2015,0.0,0.0,0,0,,
Furniture,Binders,50%+,2016,0.0,0.0,0,0,,
Furniture,Binders,50%+,2017,0.0,0.0,0,0,,
Furniture,Bookcases,0-10%,2014,0.0,0.0,0,0,,
Furniture,Bookcases,0-10%,2015,0.0,0.0,0,0,,
Furniture,Bookcases,0-10%,2016,0.0,0.0,0,0,,
Furniture,Bookcases,0-10%,2017,0.0,0.0,0,0,,
Furniture,Bookcases,10-20%,2014,13047.395,45.22550000000001,77,20,0.003466247476986786,2.2612750000000004
Furniture,Bookcases,10-20%,2015,15733.574499999999,585.4537,89,20,0.037210469877649234,29.272685000000003
Furniture,Bookcases,10-20%,2016,11916.8855,551.0404000000001,76,22,0.04624030330743717,25.047290909090915
Furniture,Bookcases,10-20%,2017,13702.1625,367.77410000000003,123,33,0.026840588118846206,11.144669696969698
Furniture,Bookcases,20-30%,2014,917.546,-100.78399999999999,11,2,-0.1098408145204709,-50.391999999999996
Furniture,Bookcases,20-30%,2015,2016.49,-286.395,15,3,-0.14202649157694805,-95.46499999999999
Furniture,Bookcases,20-30%,2016,340.116,-14.1372,6,2,-0.04156581872067177,-7.0686
Furniture,Bookcases,20-30%,2017,1008.546,-154.5564,11,2,-0.15324675324675324,-77.2782
Furniture,Bookcases,30-40%,2014,561.5916,-130.1043,7,3,-0.23167066601423525,-43.3681
Furniture,Bookcases,30-40%,2015,4725.592,-796.3926,30,7,-0.1685275834223522,-113.77037142857144
Furniture,Bookcases,30-40%,2016,5489.164000000001,-972.4108,35,6,-0.1771509832827002,-162.06846666666667
Furniture,Bookcases,30-40%,2017,3717.1112,-492.23,33,11,-0.13242272655173729,-44.74818181818182
Furniture,Bookcases,40-50%,2014,1236.335,-720.4217,20,4,-0.5827075185932615,-180.105425
Furniture,Bookcases,40-50%,2015,4708.23,-2718.1536,27,6,-0.5773196296697486,-453.0256
Furniture,Bookcases,40-50%,2016,1029.7450000000001,-617.8832,20,5,-0.6000351543343254,-123.57664
Furniture,Bookcases,40-50%,2017,334.15,-199.35320000000002,9,3,-0.5965979350591053,-66.45106666666668
Furniture,Bookcases,50%+,2014,181.47,-320.597,5,1,-1.7666666666666666,-320.597
Furniture,Bookcases,50%+,2015,999.456,-1473.8398,24,5,-1.4746420052508564,-294.76796
Furniture,Bookcases,50%+,2016,163.176,-289.654,4,2,-1.7751017306466639,-144.827
Furniture,Bookcases,50%+,2017,1115.28,-1810.8486,35,7,-1.623671723692705,-258.6926571428572
Furniture,Chairs,0-10%,2014,8241.093,1141.9042,54,12,0.1385622271220577,95.15868333333333
Furniture,Chairs,0-10%,2015,11441.079,1713.0423,84,19,0.14972733777994193,90.16012105263158
Furniture,Chairs,0-10%,2016,11493.126,1806.0172,84,19,0.15713890198367267,95.05353684210526
Furniture,Chairs,0-10%,2017,15458.949,2450.0482,91,21,0.15848737194229698,116.66896190476191
Furniture,Chairs,10-20%,2014,25410.576,1596.5021,190,51,0.0628282530864314,31.303962745098037
Furniture,Chairs,10-20%,2015,28991.672,859.7667,194,44,0.02965564386903936,19.540152272727273
Furniture,Chairs,10-20%,2016,32802.928,1180.4657,249,65,0.03598659546489265,18.161010769230767
Furniture,Chairs,10-20%,2017,33543.448000000004,646.4404999999999,256,72,0.019271736763614756,8.978340277777777
Furniture,Chairs,20-30%,2014,19432.147,-1258.4461999999999,141,33,-0.06476104776276136,-38.13473333333333
Furniture,Chairs,20-30%,2015,10619.868,-1440.8161,114,28,-0.13567175222893543,-51.45771785714286
Furniture,Chairs,20-30%,2016,19878.201,-1841.902,183,42,-0.09265939105857718,-43.85480952380952
Furniture,Chairs,20-30%,2017,20075.286,-2195.9524,176,46,-0.10938585881167522,-47.73809565217392
Furniture,Chairs,30-40%,2014,0.0,0.0,0,0,,
Furniture,Chairs,30-40%,2015,0.0,0.0,0,0,,
Furniture,Chairs,30-40%,2016,0.0,0.0,0,0,,
Furniture,Chairs,30-40%,2017,0.0,0.0,0,0,,
Furniture,Chairs,40-50%,2014,0.0,0.0,0,0,,
Furniture,Chairs,40-50%,2015,0.0,0.0,0,0,,
Furniture,Chairs,40-50%,2016,0.0,0.0,0,0,,
Furniture,Chairs,40-50%,2017,0.0,0.0,0,0,,
Furniture,Chairs,50%+,2014,0.0,0.0,0,0,,
Furniture,Chairs,50%+,2015,0.0,0.0,0,0,,
Furniture,Chairs,50%+,2016,0.0,0.0,0,0,,
Furniture,Chairs,50%+,2017,0.0,0.0,0,0,,
Furniture,Copiers,0-10%,2014,0.0,0.0,0,0,,
Furniture,Copiers,0-10%,2015,0.0,0.0,0,0,,
Furniture,Copiers,0-10%,2016,0.0,0.0,0,0,,
Furniture,Copiers,0-10%,2017,0.0,0.0,0,0,,
Furniture,Copiers,10-20%,2014,0.0,0.0,0,0,,
Furniture,Copiers,10-20%,2015,0.0,0.0,0,0,,
Furniture,Copiers,10-20%,2016,0.0,0.0,0,0,,
Furniture,Copiers,10-20%,2017,0.0,0.0,0,0,,
Furniture,Copiers,20-30%,2014,0.0,0.0,0,0,,
Furniture,Copiers,20-30%,2015,0.0,0.0,0,0,,
Furniture,Copiers,20-30%,2016,0.0,0.0,0,0,,
Furniture,Copiers,20-30%,2017,0.0,0.0,0,0,,
Furniture,Copiers,30-40%,2014,0.0,0.0,0,0,,
Furniture,Copiers,30-40%,2015,0.0,0.0,0,0,,
Furniture,Copiers,30-40%,2016,0.0,0.0,0,0,,
Furniture,Copiers,30-40%,2017,0.0,0.0,0,0,,
Furniture,Copiers,40-50%,2014,0.0,0.0,0,0,,
Furniture,Copiers,40-50%,2015,0.0,0.0,0,0,,
Furniture,Copiers,40-50%,2016,0.0,0.0,0,0,,
Furniture,Copiers,40-50%,2017,0.0,0.0,0,0,,
Furniture,Copiers,50%+,2014,0.0,0.0,0,0,,
Furniture,Copiers,50%+,2015,0.0,0.0,0,0,,
Furniture,Copiers,50%+,2016,0.0,0.0,0,0,,
Furniture,Copiers,50%+,2017,0.0,0.0,0,0,,
Furniture,Envelopes,0-10%,2014,0.0,0.0,0,0,,
Furniture,Envelopes,0-10%,2015,0.0,0.0,0,0,,
Furniture,Envelopes,0-10%,2016,0.0,0.0,0,0,,
Furniture,Envelopes,0-10%,2017,0.0,0.0,0,0,,
Furniture,Envelopes,10-20%,2014,0.0,0.0,0,0,,
Furniture,Envelopes,10-20%,2015,0.0,0.0,0,0,,
Furniture,Envelopes,10-20%,2016,0.0,0.0,0,0,,
Furniture,Envelopes,10-20%,2017,0.0,0.0,0,0,,
Furniture,Envelopes,20-30%,2014,0.0,0.0,0,0,,
Furniture,Envelopes,20-30%,2015,0.0,0.0,0,0,,
Furniture,Envelopes,20-30%,2016,0.0,0.0,0,0,,
Furniture,Envelopes,20-30%,2017,0.0,0.0,0,0,,
Furniture,Envelopes,30-40%,2014,0.0,0.0,0,0,,
Furniture,Envelopes,30-40%,2015,0.0,0.0,0,0,,
Furniture,Envelopes,30-40%,2016,0.0,0.0,0,0,,
Furniture,Envelopes,30-40%,2017,0.0,0.0,0,0,,
Furniture,Envelopes,40-50%,2014,0.0,0.0,0,0,,
Furniture,Envelopes,40-50%,2015,0.0,0.0,0,0,,
Furniture,Envelopes,40-50%,2016,0.0,0.0,0,0,,
Furniture,Envelopes,40-50%,2017,0.0,0.0,0,0,,
Furniture,Envelopes,50%+,2014,0.0,0.0,0,0,,
Furniture,Envelopes,50%+,2015,0.0,0.0,0,0,,
Furniture,Envelopes,50%+,2016,0.0,0.0,0,0,,
Furniture,Envelopes,50%+,2017,0.0,0.0,0,0,,
Furniture,Fasteners,0-10%,2014,0.0,0.0,0,0,,
Furniture,Fasteners,0-10%,2015,0.0,0.0,0,0,,
Furniture,Fasteners,0-10%,2016,0.0,0.0,0,0,,
Furniture,Fasteners,0-10%,2017,0.0,0.0,0,0,,
Furniture,Fasteners,10-20%,2014,0.0,0.0,0,0,,
Furniture,Fasteners,10-20%,2015,0.0,0.0,0,0,,
Furniture,Fasteners,10-20%,2016,0.0,0.0,0,0,,
Furniture,Fasteners,10-20%,2017,0.0,0.0,0,0,,
Furniture,Fasteners,20-30%,2014,0.0,0.0,0,0,,
Furniture,Fasteners,20-30%,2015,0.0,0.0,0,0,,
Furniture,Fasteners,20-30%,2016,0.0,0.0,0,0,,
Furniture,Fasteners,20-30%,2017,0.0,0.0,0,0,,
Furniture,Fasteners,30-40%,2014,0.0,0.0,0,0,,
Furniture,Fasteners,30-40%,2015,0.0,0.0,0,0,,
Furniture,Fasteners,30-40%,2016,0.0,0.0,0,0,,
Furniture,Fasteners,30-40%,2017,0.0,0.0,0,0,,
Furniture,Fasteners,40-50%,2014,0.0,0.0,0,0,,
Furniture,Fasteners,40-50%,2015,0.0,0.0,0,0,,
Furniture,Fasteners,40-50%,2016,0.0,0.0,0,0,,
Furniture,Fasteners,40-50%,2017,0.0,0.0,0,0,,
Furniture,Fasteners,50%+,2014,0.0,0.0,0,0,,
Furniture,Fasteners,50%+,2015,0.0,0.0,0,0,,
Furniture,Fasteners,50%+,2016,0.0,0.0,0,0,,
Furniture,Fasteners,50%+,2017,0.0,0.0,0,0,,
Furniture,Furnishings,0-10%,2014,0.0,0.0,0,0,,
Furniture,Furnishings,0-10%,2015,0.0,0.0,0,0,,
Furniture,Furnishings,0-10%,2016,0.0,0.0,0,0,,
Furniture,Furnishings,0-10%,2017,0.0,0.0,0,0,,
Furniture,Furnishings,10-20%,2014,4397.848,280.0769,159,44,0.06368498865808915,6.3653840909090915
Furniture,Furnishings,10-20%,2015,7050.672,713.885,222,51,0.10125063256381804,13.997745098039216
Furniture,Furnishings,10-20%,2016,4672.672,352.3007,216,48,0.0753959832832264,7.3395979166666665
Furniture,Furnishings,10-20%,2017,7489.472,809.5673,302,78,0.10809404187638329,10.37906794871795
Furniture,Furnishings,20-30%,2014,0.0,0.0,0,0,,
Furniture,Furnishings,20-30%,2015,0.0,0.0,0,0,,
Furniture,Furnishings,20-30%,2016,0.0,0.0,0,0,,
Furniture,Furnishings,20-30%,2017,0.0,0.0,0,0,,
Furniture,Furnishings,30-40%,2014,0.0,0.0,0,0,,
Furniture,Furnishings,30-40%,2015,0.0,0.0,0,0,,
Furniture,Furnishings,30-40%,2016,0.0,0.0,0,0,,
Furniture,Furnishings,30-40%,2017,0.0,0.0,0,0,,
Furniture,Furnishings,40-50%,2014,0.0,0.0,0,0,,
Furniture,Furnishings,40-50%,2015,0.0,0.0,0,0,,
Furniture,Furnishings,40-50%,2016,0.0,0.0,0,0,,
Furniture,Furnishings,40-50%,2017,0.0,0.0,0,0,,
Furniture,Furnishings,50%+,2014,880.896,-627.6601,109,29,-0.7125246340090091,-21.643451724137933
Furniture,Furnishings,50%+,2015,1195.44,-1051.8533,111,25,-0.8798879910325904,-42.074132
Furniture,Furnishings,50%+,2016,2528.732,-2296.2641,163,37,-0.908069380226928,-62.06119189189189
Furniture,Furnishings,50%+,2017,2039.632,-1968.8777,118,36,-0.9653102618511574,-54.691047222222224
Furniture,Labels,0-10%,2014,0.0,0.0,0,0,,
Furniture,Labels,0-10%,2015,0.0,0.0,0,0,,
Furniture,Labels,0-10%,2016,0.0,0.0,0,0,,
Furniture,Labels,0-10%,2017,0.0,0.0,0,0,,
Furniture,Labels,10-20%,2014,0.0,0.0,0,0,,
Furniture,Labels,10-20%,2015,0.0,0.0,0,0,,
Furniture,Labels,10-20%,2016,0.0,0.0,0,0,,
Furniture,Labels,10-20%,2017,0.0,0.0,0,0,,
Furniture,Labels,20-30%,2014,0.0,0.0,0,0,,
Furniture,Labels,20-30%,2015,0.0,0.0,0,0,,
Furniture,Labels,20-30%,2016,0.0,0.0,0,0,,
Furniture,Labels,20-30%,2017,0.0,0.0,0,0,,
Furniture,Labels,30-40%,2014,0.0,0.0,0,0,,
Furniture,Labels,30-40%,2015,0.0,0.0,0,0,,
Furniture,Labels,30-40%,2016,0.0,0.0,0,0,,
Furniture,Labels,30-40%,2017,0.0,0.0,0,0,,
Furniture,Labels,40-50%,2014,0.0,0.0,0,0,,
Furniture,Labels,40-50%,2015,0.0,0.0,0,0,,
Furniture,Labels,40-50%,2016,0.0,0.0,0,0,,
Furniture,Labels,40-50%,2017,0.0,0.0,0,0,,
Furniture,Labels,50%+,2014,0.0,0.0,0,0,,
Furniture,Labels,50%+,2015,0.0,0.0,0,0,,
Furniture,Labels,50%+,2016,0.0,0.0,0,0,,
Furniture,Labels,50%+,2017,0.0,0.0,0,0,,
Furniture,Machines,0-10%,2014,0.0,0.0,0,0,,
Furniture,Machines,0-10%,2015,0.0,0.0,0,0,,
Furniture,Machines,0-10%,2016,0.0,0.0,0,0,,
Furniture,Machines,0-10%,2017,0.0,0.0,0,0,,
Furniture,Machines,10-20%,2014,0.0,0.0,0,0,,
Furniture,Machines,10-20%,2015,0.0,0.0,0,0,,
Furniture,Machines,10-20%,2016,0.0,0.0,0,0,,
Furniture,Machines,10-20%,2017,0.0,0.0,0,0,,
Furniture,Machines,20-30%,2014,0.0,0.0,0,0,,
Furniture,Machines,20-30%,2015,0.0,0.0,0,0,,
Furniture,Machines,20-30%,2016,0.0,0.0,0,0,,
Furniture,Machines,20-30%,2017,0.0,0.0,0,0,,
Furniture,Machines,30-40%,2014,0.0,0.0,0,0,,
Furniture,Machines,30-40%,2015,0.0,0.0,0,0,,
Furniture,Machines,30-40%,2016,0.0,0.0,0,0,,
Furniture,Machines,30-40%,2017,0.0,0.0,0,0,,
Furniture,Machines,40-50%,2014,0.0,0.0,0,0,,
Furniture,Machines,40-50%,2015,0.0,0.0,0,0,,
Furniture,Machines,40-50%,2016,0.0,0.0,0,0,,
Furniture,Machines,40-50%,2017,0.0,0.0,0,0,,
Furniture,Machines,50%+,2014,0.0,0.0,0,0,,
Furniture,Machines,50%+,2015,0.0,0.0,0,0,,
Furniture,Machines,50%+,2016,0.0,0.0,0,0,,
Furniture,Machines,50%+,2017,0.0,0.0,0,0,,
Furniture,Paper,0-10%,2014,0.0,0.0,0,0,,
Furniture,Paper,0-10%,2015,0.0,0.0,0,0,,
Furniture,Paper,0-10%,2016,0.0,0.0,0,0,,
Furniture,Paper,0-10%,2017,0.0,0.0,0,0,,
Furniture,Paper,10-20%,2014,0.0,0.0,0,0,,
Furniture,Paper,10-20%,2015,0.0,0.0,0,0,,
Furniture,Paper,10-20%,2016,0.0,0.0,0,0,,
Furniture,Paper,10-20%,2017,0.0,0.0,0,0,,
Furniture,Paper,20-30%,2014,0.0,0.0,0,0,,
Furniture,Paper,20-30%,2015,0.0,0.0,0,0,,
Furniture,Paper,20-30%,2016,0.0,0.0,0,0,,
Furniture,Paper,20-30%,2017,0.0,0.0,0,0,,
Furniture,Paper,30-40%,2014,0.0,0.0,0,0,,
Furniture,Paper,30-40%,2015,0.0,0.0,0,0,,
Furniture,Paper,30-40%,2016,0.0,0.0,0,0,,
Furniture,Paper,30-40%,2017,0.0,0.0,0,0,,
Furniture,Paper,40-50%,2014,0.0,0.0,0,0,,
Furniture,Paper,40-50%,2015,0.0,0.0,0,0,,
Furniture,Paper,40-50%,2016,0.0,0.0,0,0,,
Furniture,Paper,40-50%,2017,0.0,0.0,0,0,,
Furniture,Paper,50%+,2014,0.0,0.0,0,0,,
Furniture,Paper,50%+,2015,0.0,0.0,0,0,,
Furniture,Paper,50%+,2016,0.0,0.0,0,0,,
Furniture,Paper,50%+,2017,0.0,0.0,0,0,,
Furniture,Phones,0-10%,2014,0.0,0.0,0,0,,
Furniture,Phones,0-10%,2015,0.0,0.0,0,0,,
Furniture,Phones,0-10%,2016,0.0,0.0,0,0,,
Furniture,Phones,0-10%,2017,0.0,0.0,0,0,,
Furniture,Phones,10-20%,2014,0.0,0.0,0,0,,
Furniture,Phones,10-20%,2015,0.0,0.0,0,0,,
Furniture,Phones,10-20%,2016,0.0,0.0,0,0,,
Furniture,Phones,10-20%,2017,0.0,0.0,0,0,,
Furniture,Phones,20-30%,2014,0.0,0.0,0,0,,
Furniture,Phones,20-30%,2015,0.0,0.0,0,0,,
Furniture,Phones,20-30%,2016,0.0,0.0,0,0,,
Furniture,Phones,20-30%,2017,0.0,0.0,0,0,,
Furniture,Phones,30-40%,2014,0.0,0.0,0,0,,
Furniture,Phones,30-40%,2015,0.0,0.0,0,0,,
Furniture,Phones,30-40%,2016,0.0,0.0,0,0,,
Furniture,Phones,30-40%,2017,0.0,0.0,0,0,,
Furniture,Phones,40-50%,2014,0.0,0.0,0,0,,
Furniture,Phones,40-50%,2015,0.0,0.0,0,0,,
Furniture,Phones,40-50%,2016,0.0,0.0,0,0,,
Furniture,Phones,40-50%,2017,0.0,0.0,0,0,,
Furniture,Phones,50%+,2014,0.0,0.0,0,0,,
Furniture,Phones,50%+,2015,0.0,0.0,0,0,,
Furniture,Phones,50%+,2016,0.0,0.0,0,0,,
Furniture,Phones,50%+,2017,0.0,0.0,0,0,,
Furniture,Storage,0-10%,2014,0.0,0.0,0,0,,
Furniture,Storage,0-10%,2015,0.0,0.0,0,0,,
Furniture,Storage,0-10%,2016,0.0,0.0,0,0,,
Furniture,Storage,0-10%,2017,0.0,0.0,0,0,,
Furniture,Storage,10-20%,2014,0.0,0.0,0,0,,
Furniture,Storage,10-20%,2015,0.0,0.0,0,0,,
Furniture,Storage,10-20%,2016,0.0,0.0,0,0,,
Furniture,Storage,10-20%,2017,0.0,0.0,0,0,,
Furniture,Storage,20-30%,2014,0.0,0.0,0,0,,
Furniture,Storage,20-30%,2015,0.0,0.0,0,0,,
Furniture,Storage,20-30%,2016,0.0,0.0,0,0,,
Furniture,Storage,20-30%,2017,0.0,0.0,0,0,,
Furniture,Storage,30-40%,2014,0.0,0.0,0,0,,
Furniture,Storage,30-40%,2015,0.0,0.0,0,0,,
Furniture,Storage,30-40%,2016,0.0,0.0,0,0,,
Furniture,Storage,30-40%,2017,0.0,0.0,0,0,,
Furniture,Storage,40-50%,2014,0.0,0.0,0,0,,
Furniture,Storage,40-50%,2015,0.0,0.0,0,0,,
Furniture,Storage,40-50%,2016,0.0,0.0,0,0,,
Furniture,Storage,40-50%,2017,0.0,0.0,0,0,,
Furniture,Storage,50%+,2014,0.0,0.0,0,0,,
Furniture,Storage,50%+,2015,0.0,0.0,0,0,,
Furniture,Storage,50%+,2016,0.0,0.0,0,0,,
Furniture,Storage,50%+,2017,0.0,0.0,0,0,,
Furniture,Supplies,0-10%,2014,0.0,0.0,0,0,,
Furniture,Supplies,0-10%,2015,0.0,0.0,0,0,,
Furniture,Supplies,0-10%,2016,0.0,0.0,0,0,,
Furniture,Supplies,0-10%,2017,0.0,0.0,0,0,,
Furniture,Supplies,10-20%,2014,0.0,0.0,0,0,,
Furniture,Supplies,10-20%,2015,0.0,0.0,0,0,,
Furniture,Supplies,10-20%,2016,0.0,0.0,0,0,,
Furniture,Supplies,10-20%,2017,0.0,0.0,0,0,,
Furniture,Supplies,20-30%,2014,0.0,0.0,0,0,,
Furniture,Supplies,20-30%,2015,0.0,0.0,0,0,,
Furniture,Supplies,20-30%,2016,0.0,0.0,0,0,,
Furniture,Supplies,20-30%,2017,0.0,0.0,0,0,,
Furniture,Supplies,30-40%,2014,0.0,0.0,0,0,,
Furniture,Supplies,30-40%,2015,0.0,0.0,0,0,,
Furniture,Supplies,30-40%,2016,0.0,0.0,0,0,,
Furniture,Supplies,30-40%,2017,0.0,0.0,0,0,,
Furniture,Supplies,40-50%,2014,0.0,0.0,0,0,,
Furniture,Supplies,40-50%,2015,0.0,0.0,0,0,,
Furniture,Supplies,40-50%,2016,0.0,0.0,0,0,,
Furniture,Supplies,40-50%,2017,0.0,0.0,0,0,,
Furniture,Supplies,50%+,2014,0.0,0.0,0,0,,
Furniture,Supplies,50%+,2015,0.0,0.0,0,0,,
Furniture,Supplies,50%+,2016,0.0,0.0,0,0,,
Furniture,Supplies,50%+,2017,0.0,0.0,0,0,,
Furniture,Tables,0-10%,2014,0.0,0.0,0,0,,
Furniture,Tables,0-10%,2015,0.0,0.0,0,0,,
Furniture,Tables,0-10%,2016,0.0,0.0,0,0,,
Furniture,Tables,0-10%,2017,0.0,0.0,0,0,,
Furniture,Tables,10-20%,2014,11497.104,177.43360000000004,70,15,0.015432895101235933,11.82890666666667
Furniture,Tables,10-20%,2015,4463.3279999999995,-254.0633,31,10,-0.05692239064662064,-25.40633
Furniture,Tables,10-20%,2016,17083.64,-223.07,83,21,-0.01305752169912267,-10.622380952380952
Furniture,Tables,10-20%,2017,12386.16,-3.8582999999999954,97,23,-0.0003115009010056382,-0.16775217391304328
Furniture,Tables,20-30%,2014,5772.27,-778.3101,30,11,-0.13483605236761273,-70.75546363636364
Furniture,Tables,20-30%,2015,4937.373,-610.1572,43,11,-0.12357932041998854,-55.46883636363636
Furniture,Tables,20-30%,2016,4459.427,-487.7675,37,12,-0.10937896281293538,-40.64729166666667
Furniture,Tables,20-30%,2017,10013.08,-1526.0928,70,17,-0.15240992781441873,-89.77016470588235
Furniture,Tables,30-40%,2014,10526.778,-3751.4642,66,15,-0.3563734506417823,-250.09761333333333
Furniture,Tables,30-40%,2015,10989.462,-3967.5236999999997,61,12,-0.3610298393133349,-330.62697499999996
Furniture,Tables,30-40%,2016,8444.13,-3050.2709,72,21,-0.3612297418443345,-145.25099523809524
Furniture,Tables,30-40%,2017,15654.036,-5418.138,93,24,-0.34611764020473695,-225.75575
Furniture,Tables,40-50%,2014,2637.3335,-1686.4569,30,10,-0.6394553058989315,-168.64569
Furniture,Tables,40-50%,2015,3356.5905,-1783.599,28,7,-0.531372236202182,-254.79985714285712
Furniture,Tables,40-50%,2016,6653.833500000001,-3892.5652,60,14,-0.585010911379132,-278.0403714285714
Furniture,Tables,40-50%,2017,6512.2265,-3745.8773,60,14,-0.5752068512973252,-267.5626642857143
Furniture,Tables,50%+,2014,0.0,0.0,0,0,,
Furniture,Tables,50%+,2015,0.0,0.0,0,0,,
Furniture,Tables,50%+,2016,0.0,0.0,0,0,,
Furniture,Tables,50%+,2017,0.0,0.0,0,0,,
Office Supplies,Accessories,0-10%,2014,0.0,0.0,0,0,,
Office Supplies,Accessories,0-10%,2015,0.0,0.0,0,0,,
Office Supplies,Accessories,0-10%,2016,0.0,0.0,0,0,,
Office Supplies,Accessories,0-10%,2017,0.0,0.0,0,0,,
Office Supplies,Accessories,10-20%,2014,0.0,0.0,0,0,,
Office Supplies,Accessories,10-20%,2015,0.0,0.0,0,0,,
Office Supplies,Accessories,10-20%,2016,0.0,0.0,0,0,,
Office Supplies,Accessories,10-20%,2017,0.0,0.0,0,0,,
Office Supplies,Accessories,20-30%,2014,0.0,0.0,0,0,,
Office Supplies,Accessories,20-30%,2015,0.0,0.0,0,0,,
Office Supplies,Accessories,20-30%,2016,0.0,0.0,0,0,,
Office Supplies,Accessories,20-30%,2017,0.0,0.0,0,0,,
Office Supplies,Accessories,30-40%,2014,0.0,0.0,0,0,,
Office Supplies,Accessories,30-40%,2015,0.0,0.0,0,0,,
Office Supplies,Accessories,30-40%,2016,0.0,0.0,0,0,,
Office Supplies,Accessories,30-40%,2017,0.0,0.0,0,0,,
Office Supplies,Accessories,40-50%,2014,0.0,0.0,0,0,,
Office Supplies,Accessories,40-50%,2015,0.0,0.0,0,0,,
Office Supplies,Accessories,40-50%,2016,0.0,0.0,0,0,,
Office Supplies,Accessories,40-50%,2017,0.0,0.0,0,0,,
Office Supplies,Accessories,50%+,2014,0.0,0.0,0,0,,
Office Supplies,Accessories,50%+,2015,0.0,0.0,0,0,,
Office Supplies,Accessories,50%+,2016,0.0,0.0,0,0,,
Office Supplies,Accessories,50%+,2017,0.0,0.0,0,0,,
Office Supplies,Appliances,0-10%,2014,480.771,143.18759999999997,12,3,0.2978291119888678,47.72919999999999
Office Supplies,Appliances,0-10%,2015,2659.6890000000003,679.443,23,7,0.25545956688921145,97.06328571428571
Office Supplies,Appliances,0-10%,2016,1096.245,244.9898,18,5,0.22348088246696682,48.99796
Office Supplies,Appliances,0-10%,2017,87.444,18.4604,2,1,0.2111111111111111,18.4604
Office Supplies,Appliances,10-20%,2014,2656.44,251.8568,93,22,0.09480989595097197,11.448036363636364
Office Supplies,Appliances,10-20%,2015,4001.0,461.5329,90,18,0.11535438640339915,25.640716666666666
Office Supplies,Appliances,10-20%,2016,6515.664,744.4515,100,31,0.11425566143373876,24.01456451612903
Office Supplies,Appliances,10-20%,2017,8586.184,1039.9885,135,34,0.12112348163048917,30.58789705882353
Office Supplies,Appliances,20-30%,2014,0.0,0.0,0,0,,
Office Supplies,Appliances,20-30%,2015,0.0,0.0,0,0,,
Office Supplies,Appliances,20-30%,2016,0.0,0.0,0,0,,
Office Supplies,Appliances,20-30%,2017,0.0,0.0,0,0,,
Office Supplies,Appliances,30-40%,2014,0.0,0.0,0,0,,
Office Supplies,Appliances,30-40%,2015,0.0,0.0,0,0,,
Office Supplies,Appliances,30-40%,2016,0.0,0.0,0,0,,
Office Supplies,Appliances,30-40%,2017,0.0,0.0,0,0,,
Office Supplies,Appliances,40-50%,2014,0.0,0.0,0,0,,
Office Supplies,Appliances,40-50%,2015,0.0,0.0,0,0,,
Office Supplies,Appliances,40-50%,2016,0.0,0.0,0,0,,
Office Supplies,Appliances,40-50%,2017,0.0,0.0,0,0,,
Office Supplies,Appliances,50%+,2014,594.154,-1486.0167,35,13,-2.501063192371001,-114.30897692307691
Office Supplies,Appliances,50%+,2015,1246.34,-3150.9024,64,15,-2.5281242678562834,-210.06016
Office Supplies,Appliances,50%+,2016,522.226,-1355.7035,37,12,-2.5960091990823897,-112.97529166666668
Office Supplies,Appliances,50%+,2017,1019.8140000000001,-2637.0186,99,25,-2.585783878236619,-105.480744
Office Supplies,Art,0-10%,2014,0.0,0.0,0,0,,
Office Supplies,Art,0-10%,2015,0.0,0.0,0,0,,
Office Supplies,Art,0-10%,2016,0.0,0.0,0,0,,
Office Supplies,Art,0-10%,2017,0.0,0.0,0,0,,
Office Supplies,Art,10-20%,2014,2536.832,299.5905,226,56,0.11809631067410062,5.349830357142857
Office Supplies,Art,10-20%,2015,1963.824,236.8183,229,59,0.12059038895542573,4.013869491525424
Office Supplies,Art,10-20%,2016,1767.648,203.746,207,60,0.11526389869476276,3.395766666666667
Office Supplies,Art,10-20%,2017,2835.848,407.0316,434,104,0.143530823936967,3.913765384615385
Office Supplies,Art,20-30%,2014,0.0,0.0,0,0,,
Office Supplies,Art,20-30%,2015,0.0,0.0,0,0,,
Office Supplies,Art,20-30%,2016,0.0,0.0,0,0,,
Office Supplies,Art,20-30%,2017,0.0,0.0,0,0,,
Office Supplies,Art,30-40%,2014,0.0,0.0,0,0,,
Office Supplies,Art,30-40%,2015,0.0,0.0,0,0,,
Office Supplies,Art,30-40%,2016,0.0,0.0,0,0,,
Office Supplies,Art,30-40%,2017,0.0,0.0,0,0,,
Office Supplies,Art,40-50%,2014,0.0,0.0,0,0,,
Office Supplies,Art,40-50%,2015,0.0,0.0,0,0,,
Office Supplies,Art,40-50%,2016,0.0,0.0,0,0,,
Office Supplies,Art,40-50%,2017,0.0,0.0,0,0,,
Office Supplies,Art,50%+,2014,0.0,0.0,0,0,,
Office Supplies,Art,50%+,2015,0.0,0.0,0,0,,
Office Supplies,Art,50%+,2016,0.0,0.0,0,0,,
Office Supplies,Art,50%+,2017,0.0,0.0,0,0,,
Office Supplies,Binders,0-10%,2014,0.0,0.0,0,0,,
Office Supplies,Binders,0-10%,2015,0.0,0.0,0,0,,
Office Supplies,Binders,0-10%,2016,0.0,0.0,0,0,,
Office Supplies,Binders,0-10%,2017,0.0,0.0,0,0,,
Office Supplies,Binders,10-20%,2014,15347.216,5211.5597,382,94,0.3395768783080918,55.442124468085105
Office Supplies,Binders,10-20%,2015,11709.64,4157.0746,391,90,0.35501301491762344,46.18971777777778
Office Supplies,Binders,10-20%,2016,23938.256,8146.7388,669,148,0.3403229876061146,55.04553243243243
Office Supplies,Binders,10-20%,2017,34447.528,11902.4359,785,163,0.34552365847558064,73.0210791411043
Office Supplies,Binders,20-30%,2014,0.0,0.0,0,0,,
Office Supplies,Binders,20-30%,2015,0.0,0.0,0,0,,
Office Supplies,Binders,20-30%,2016,0.0,0.0,0,0,,
Office Supplies,Binders,20-30%,2017,0.0,0.0,0,0,,
Office Supplies,Binders,30-40%,2014,0.0,0.0,0,0,,
Office Supplies,Binders,30-40%,2015,0.0,0.0,0,0,,
Office Supplies,Binders,30-40%,2016,0.0,0.0,0,0,,
Office Supplies,Binders,30-40%,2017,0.0,0.0,0,0,,
Office Supplies,Binders,40-50%,2014,0.0,0.0,0,0,,
Office Supplies,Binders,40-50%,2015,0.0,0.0,0,0,,
Office Supplies,Binders,40-50%,2016,0.0,0.0,0,0,,
Office Supplies,Binders,40-50%,2017,0.0,0.0,0,0,,
Office Supplies,Binders,50%+,2014,8149.429,-10051.7109,461,104,-1.2334251761687844,-96.65106634615384
Office Supplies,Binders,50%+,2015,7064.188,-5715.3493,511,115,-0.8090596258196978,-49.69868956521739
Office Supplies,Binders,50%+,2016,7327.559,-6942.8695,627,130,-0.9475010027213701,-53.40668846153846
Office Supplies,Binders,50%+,2017,13599.437,-15800.566700000001,857,177,-1.1618544723579367,-89.26873841807911
Office Supplies,Bookcases,0-10%,2014,0.0,0.0,0,0,,
Office Supplies,Bookcases,0-10%,2015,0.0,0.0,0,0,,
Office Supplies,Bookcases,0-10%,2016,0.0,0.0,0,0,,
Office Supplies,Bookcases,0-10%,2017,0.0,0.0,0,0,,
Office Supplies,Bookcases,10-20%,2014,0.0,0.0,0,0,,
Office Supplies,Bookcases,10-20%,2015,0.0,0.0,0,0,,
Office Supplies,Bookcases,10-20%,2016,0.0,0.0,0,0,,
Office Supplies,Bookcases,10-20%,2017,0.0,0.0,0,0,,
Office Supplies,Bookcases,20-30%,2014,0.0,0.0,0,0,,
Office Supplies,Bookcases,20-30%,2015,0.0,0.0,0,0,,
Office Supplies,Bookcases,20-30%,2016,0.0,0.0,0,0,,
Office Supplies,Bookcases,20-30%,2017,0.0,0.0,0,0,,
Office Supplies,Bookcases,30-40%,2014,0.0,0.0,0,0,,
Office Supplies,Bookcases,30-40%,2015,0.0,0.0,0,0,,
Office Supplies,Bookcases,30-40%,2016,0.0,0.0,0,0,,
Office Supplies,Bookcases,30-40%,2017,0.0,0.0,0,0,,
Office Supplies,Bookcases,40-50%,2014,0.0,0.0,0,0,,
Office Supplies,Bookcases,40-50%,2015,0.0,0.0,0,0,,
Office Supplies,Bookcases,40-50%,2016,0.0,0.0,0,0,,
Office Supplies,Bookcases,40-50%,2017,0.0,0.0,0,0,,
Office Supplies,Bookcases,50%+,2014,0.0,0.0,0,0,,
Office Supplies,Bookcases,50%+,2015,0.0,0.0,0,0,,
Office Supplies,Bookcases,50%+,2016,0.0,0.0,0,0,,
Office Supplies,Bookcases,50%+,2017,0.0,0.0,0,0,,
Office Supplies,Chairs,0-10%,2014,0.0,0.0,0,0,,
Office Supplies,Chairs,0-10%,2015,0.0,0.0,0,0,,
Office Supplies,Chairs,0-10%,2016,0.0,0.0,0,0,,
Office Supplies,Chairs,0-10%,2017,0.0,0.0,0,0,,
Office Supplies,Chairs,10-20%,2014,0.0,0.0,0,0,,
Office Supplies,Chairs,10-20%,2015,0.0,0.0,0,0,,
Office Supplies,Chairs,10-20%,2016,0.0,0.0,0,0,,
Office Supplies,Chairs,10-20%,2017,0.0,0.0,0,0,,
Office Supplies,Chairs,20-30%,2014,0.0,0.0,0,0,,
Office Supplies,Chairs,20-30%,2015,0.0,0.0,0,0,,
Office Supplies,Chairs,20-30%,2016,0.0,0.0,0,0,,
Office Supplies,Chairs,20-30%,2017,0.0,0.0,0,0,,
Office Supplies,Chairs,30-40%,2014,0.0,0.0,0,0,,
Office Supplies,Chairs,30-40%,2015,0.0,0.0,0,0,,
Office Supplies,Chairs,30-40%,2016,0.0,0.0,0,0,,
Office Supplies,Chairs,30-40%,2017,0.0,0.0,0,0,,
Office Supplies,Chairs,40-50%,2014,0.0,0.0,0,0,,
Office Supplies,Chairs,40-50%,2015,0.0,0.0,0,0,,
Office Supplies,Chairs,40-50%,2016,0.0,0.0,0,0,,
Office Supplies,Chairs,40-50%,2017,0.0,0.0,0,0,,
Office Supplies,Chairs,50%+,2014,0.0,0.0,0,0,,
Office Supplies,Chairs,50%+,2015,0.0,0.0,0,0,,
Office Supplies,Chairs,50%+,2016,0.0,0.0,0,0,,
Office Supplies,Chairs,50%+,2017,0.0,0.0,0,0,,
Office Supplies,Copiers,0-10%,2014,0.0,0.0,0,0,,
Office Supplies,Copiers,0-10%,2015,0.0,0.0,0,0,,
Office Supplies,Copiers,0-10%,2016,0.0,0.0,0,0,,
Office Supplies,Copiers,0-10%,2017,0.0,0.0,0,0,,
Office Supplies,Copiers,10-20%,2014,0.0,0.0,0,0,,
Office Supplies,Copiers,10-20%,2015,0.0,0.0,0,0,,
Office Supplies,Copiers,10-20%,2016,0.0,0.0,0,0,,
Office Supplies,Copiers,10-20%,2017,0.0,0.0,0,0,,
Office Supplies,Copiers,20-30%,2014,0.0,0.0,0,0,,
Office Supplies,Copiers,20-30%,2015,0.0,0.0,0,0,,
Office Supplies,Copiers,20-30%,2016,0.0,0.0,0,0,,
Office Supplies,Copiers,20-30%,2017,0.0,0.0,0,0,,
Office Supplies,Copiers,30-40%,2014,0.0,0.0,0,0,,
Office Supplies,Copiers,30-40%,2015,0.0,0.0,0,0,,
Office Supplies,Copiers,30-40%,2016,0.0,0.0,0,0,,
Office Supplies,Copiers,30-40%,2017,0.0,0.0,0,0,,
Office Supplies,Copiers,40-50%,2014,0.0,0.0,0,0,,
Office Supplies,Copiers,40-50%,2015,0.0,0.0,0,0,,
Office Supplies,Copiers,40-50%,2016,0.0,0.0,0,0,,
Office Supplies,Copiers,40-50%,2017,0.0,0.0,0,0,,
Office Supplies,Copiers,50%+,2014,0.0,0.0,0,0,,
Office Supplies,Copiers,50%+,2015,0.0,0.0,0,0,,
Office Supplies,Copiers,50%+,2016,0.0,0.0,0,0,,
Office Supplies,Copiers,50%+,2017,0.0,0.0,0,0,,
Office Supplies,Envelopes,0-10%,2014,0.0,0.0,0,0,,
Office Supplies,Envelopes,0-10%,2015,0.0,0.0,0,0,,
Office Supplies,Envelopes,0-10%,2016,0.0,0.0,0,0,,
Office Supplies,Envelopes,0-10%,2017,0.0,0.0,0,0,,
Office Supplies,Envelopes,10-20%,2014,2535.96,864.6842,116,27,0.34096917932459503,32.025340740740745
Office Supplies,Envelopes,10-20%,2015,1052.848,339.6139,76,22,0.32256688524839294,15.436995454545455
Office Supplies,Envelopes,10-20%,2016,1128.92,384.0204,58,21,0.3401661765226942,18.286685714285714
Office Supplies,Envelopes,10-20%,2017,1152.2240000000002,398.8738,108,31,0.3461773058016496,12.866896774193549
Office Supplies,Envelopes,20-30%,2014,0.0,0.0,0,0,,
Office Supplies,Envelopes,20-30%,2015,0.0,0.0,0,0,,
Office Supplies,Envelopes,20-30%,2016,0.0,0.0,0,0,,
Office Supplies,Envelopes,20-30%,2017,0.0,0.0,0,0,,
Office Supplies,Envelopes,30-40%,2014,0.0,0.0,0,0,,
Office Supplies,Envelopes,30-40%,2015,0.0,0.0,0,0,,
Office Supplies,Envelopes,30-40%,2016,0.0,0.0,0,0,,
Office Supplies,Envelopes,30-40%,2017,0.0,0.0,0,0,,
Office Supplies,Envelopes,40-50%,2014,0.0,0.0,0,0,,
Office Supplies,Envelopes,40-50%,2015,0.0,0.0,0,0,,
Office Supplies,Envelopes,40-50%,2016,0.0,0.0,0,0,,
Office Supplies,Envelopes,40-50%,2017,0.0,0.0,0,0,,
Office Supplies,Envelopes,50%+,2014,0.0,0.0,0,0,,
Office Supplies,Envelopes,50%+,2015,0.0,0.0,0,0,,
Office Supplies,Envelopes,50%+,2016,0.0,0.0,0,0,,
Office Supplies,Envelopes,50%+,2017,0.0,0.0,0,0,,
Office Supplies,Fasteners,0-10%,2014,0.0,0.0,0,0,,
Office Supplies,Fasteners,0-10%,2015,0.0,0.0,0,0,,
Office Supplies,Fasteners,0-10%,2016,0.0,0.0,0,0,,
Office Supplies,Fasteners,0-10%,2017,0.0,0.0,0,0,,
Office Supplies,Fasteners,10-20%,2014,344.488,58.020700000000005,115,25,0.1684258958222057,2.320828
Office Supplies,Fasteners,10-20%,2015,233.824,59.4989,93,18,0.254460192281374,3.3054944444444443
Office Supplies,Fasteners,10-20%,2016,338.824,94.4812,118,23,0.27885037659669915,4.107878260869565
Office Supplies,Fasteners,10-20%,2017,284.304,85.3122,84,21,0.30007386459564417,4.062485714285715
Office Supplies,Fasteners,20-30%,2014,0.0,0.0,0,0,,
Office Supplies,Fasteners,20-30%,2015,0.0,0.0,0,0,,
Office Supplies,Fasteners,20-30%,2016,0.0,0.0,0,0,,
Office Supplies,Fasteners,20-30%,2017,0.0,0.0,0,0,,
Office Supplies,Fasteners,30-40%,2014,0.0,0.0,0,0,,
Office Supplies,Fasteners,30-40%,2015,0.0,0.0,0,0,,
Office Supplies,Fasteners,30-40%,2016,0.0,0.0,0,0,,
Office Supplies,Fasteners,30-40%,2017,0.0,0.0,0,0,,
Office Supplies,Fasteners,40-50%,2014,0.0,0.0,0,0,,
Office Supplies,Fasteners,40-50%,2015,0.0,0.0,0,0,,
Office Supplies,Fasteners,40-50%,2016,0.0,0.0,0,0,,
Office Supplies,Fasteners,40-50%,2017,0.0,0.0,0,0,,
Office Supplies,Fasteners,50%+,2014,0.0,0.0,0,0,,
Office Supplies,Fasteners,50%+,2015,0.0,0.0,0,0,,
Office Supplies,Fasteners,50%+,2016,0.0,0.0,0,0,,
Office Supplies,Fasteners,50%+,2017,0.0,0.0,0,0,,
Office Supplies,Furnishings,0-10%,2014,0.0,0.0,0,0,,
Office Supplies,Furnishings,0-10%,2015,0.0,0.0,0,0,,
Office Supplies,Furnishings,0-10%,2016,0.0,0.0,0,0,,
Office Supplies,Furnishings,0-10%,2017,0.0,0.0,0,0,,
Office Supplies,Furnishings,10-20%,2014,0.0,0.0,0,0,,
Office Supplies,Furnishings,10-20%,2015,0.0,0.0,0,0,,
Office Supplies,Furnishings,10-20%,2016,0.0,0.0,0,0,,
Office Supplies,Furnishings,10-20%,2017,0.0,0.0,0,0,,
Office Supplies,Furnishings,20-30%,2014,0.0,0.0,0,0,,
Office Supplies,Furnishings,20-30%,2015,0.0,0.0,0,0,,
Office Supplies,Furnishings,20-30%,2016,0.0,0.0,0,0,,
Office Supplies,Furnishings,20-30%,2017,0.0,0.0,0,0,,
Office Supplies,Furnishings,30-40%,2014,0.0,0.0,0,0,,
Office Supplies,Furnishings,30-40%,2015,0.0,0.0,0,0,,
Office Supplies,Furnishings,30-40%,2016,0.0,0.0,0,0,,
Office Supplies,Furnishings,30-40%,2017,0.0,0.0,0,0,,
Office Supplies,Furnishings,40-50%,2014,0.0,0.0,0,0,,
Office Supplies,Furnishings,40-50%,2015,0.0,0.0,0,0,,
Office Supplies,Furnishings,40-50%,2016,0.0,0.0,0,0,,
Office Supplies,Furnishings,40-50%,2017,0.0,0.0,0,0,,
Office Supplies,Furnishings,50%+,2014,0.0,0.0,0,0,,
Office Supplies,Furnishings,50%+,2015,0.0,0.0,0,0,,
Office Supplies,Furnishings,50%+,2016,0.0,0.0,0,0,,
Office Supplies,Furnishings,50%+,2017,0.0,0.0,0,0,,
Office Supplies,Labels,0-10%,2014,0.0,0.0,0,0,,
Office Supplies,Labels,0-10%,2015,0.0,0.0,0,0,,
Office Supplies,Labels,0-10%,2016,0.0,0.0,0,0,,
Office Supplies,Labels,0-10%,2017,0.0,0.0,0,0,,
Office Supplies,Labels,10-20%,2014,543.144,184.3052,105,23,0.3393302696890696,8.013269565217392
Office Supplies,Labels,10-20%,2015,634.992,215.4274,96,29,0.3392600221735077,7.428531034482758
Office Supplies,Labels,10-20%,2016,1205.32,422.6959,131,34,0.35069184946736137,12.432232352941176
Office Supplies,Labels,10-20%,2017,863.296,301.72950000000003,123,35,0.34950874323522874,8.620842857142858
Office Supplies,Labels,20-30%,2014,0.0,0.0,0,0,,
Office Supplies,Labels,20-30%,2015,0.0,0.0,0,0,,
Office Supplies,Labels,20-30%,2016,0.0,0.0,0,0,,
Office Supplies,Labels,20-30%,2017,0.0,0.0,0,0,,
Office Supplies,Labels,30-40%,2014,0.0,0.0,0,0,,
Office Supplies,Labels,30-40%,2015,0.0,0.0,0,0,,
Office Supplies,Labels,30-40%,2016,0.0,0.0,0,0,,
Office Supplies,Labels,30-40%,2017,0.0,0.0,0,0,,
Office Supplies,Labels,40-50%,2014,0.0,0.0,0,0,,
Office Supplies,Labels,40-50%,2015,0.0,0.0,0,0,,
Office Supplies,Labels,40-50%,2016,0.0,0.0,0,0,,
Office Supplies,Labels,40-50%,2017,0.0,0.0,0,0,,
Office Supplies,Labels,50%+,2014,0.0,0.0,0,0,,
Office Supplies,Labels,50%+,2015,0.0,0.0,0,0,,
Office Supplies,Labels,50%+,2016,0.0,0.0,0,0,,
Office Supplies,Labels,50%+,2017,0.0,0.0,0,0,,
Office Supplies,Machines,0-10%,2014,0.0,0.0,0,0,,
Office Supplies,Machines,0-10%,2015,0.0,0.0,0,0,,
Office Supplies,Machines,0-10%,2016,0.0,0.0,0,0,,
Office Supplies,Machines,0-10%,2017,0.0,0.0,0,0,,
Office Supplies,Machines,10-20%,2014,0.0,0.0,0,0,,
Office Supplies,Machines,10-20%,2015,0.0,0.0,0,0,,
Office Supplies,Machines,10-20%,2016,0.0,0.0,0,0,,
Office Supplies,Machines,10-20%,2017,0.0,0.0,0,0,,
Office Supplies,Machines,20-30%,2014,0.0,0.0,0,0,,
Office Supplies,Machines,20-30%,2015,0.0,0.0,0,0,,
Office Supplies,Machines,20-30%,2016,0.0,0.0,0,0,,
Office Supplies,Machines,20-30%,2017,0.0,0.0,0,0,,
Office Supplies,Machines,30-40%,2014,0.0,0.0,0,0,,
Office Supplies,Machines,30-40%,2015,0.0,0.0,0,0,,
Office Supplies,Machines,30-40%,2016,0.0,0.0,0,0,,
Office Supplies,Machines,30-40%,2017,0.0,0.0,0,0,,
Office Supplies,Machines,40-50%,2014,0.0,0.0,0,0,,
Office Supplies,Machines,40-50%,2015,0.0,0.0,0,0,,
Office Supplies,Machines,40-50%,2016,0.0,0.0,0,0,,
Office Supplies,Machines,40-50%,2017,0.0,0.0,0,0,,
Office Supplies,Machines,50%+,2014,0.0,0.0,0,0,,
Office Supplies,Machines,50%+,2015,0.0,0.0,0,0,,
Office Supplies,Machines,50%+,2016,0.0,0.0,0,0,,
Office Supplies,Machines,50%+,2017,0.0,0.0,0,0,,
Office Supplies,Paper,0-10%,2014,0.0,0.0,0,0,,
Office Supplies,Paper,0-10%,2015,0.0,0.0,0,0,,
Office Supplies,Paper,0-10%,2016,0.0,0.0,0,0,,
Office Supplies,Paper,0-10%,2017,0.0,0.0,0,0,,
Office Supplies,Paper,10-20%,2014,5233.456,1791.2793,419,95,0.34227464604651303,18.855571578947366
Office Supplies,Paper,10-20%,2015,5089.608,1739.7415,358,77,0.34182229751289295,22.594045454545455
Office Supplies,Paper,10-20%,2016,5868.864,2027.8267,500,115,0.34552286439079183,17.633275652173914
Office Supplies,Paper,10-20%,2017,9129.408,3165.2541,672,167,0.3467096771225473,18.953617365269462
Office Supplies,Paper,20-30%,2014,0.0,0.0,0,0,,
Office Supplies,Paper,20-30%,2015,0.0,0.0,0,0,,
Office Supplies,Paper,20-30%,2016,0.0,0.0,0,0,,
Office Supplies,Paper,20-30%,2017,0.0,0.0,0,0,,
Office Supplies,Paper,30-40%,2014,0.0,0.0,0,0,,
Office Supplies,Paper,30-40%,2015,0.0,0.0,0,0,,
Office Supplies,Paper,30-40%,2016,0.0,0.0,0,0,,
Office Supplies,Paper,30-40%,2017,0.0,0.0,0,0,,
Office Supplies,Paper,40-50%,2014,0.0,0.0,0,0,,
Office Supplies,Paper,40-50%,2015,0.0,0.0,0,0,,
Office Supplies,Paper,40-50%,2016,0.0,0.0,0,0,,
Office Supplies,Paper,40-50%,2017,0.0,0.0,0,0,,
Office Supplies,Paper,50%+,2014,0.0,0.0,0,0,,
Office Supplies,Paper,50%+,2015,0.0,0.0,0,0,,
Office Supplies,Paper,50%+,2016,0.0,0.0,0,0,,
Office Supplies,Paper,50%+,2017,0.0,0.0,0,0,,
Office Supplies,Phones,0-10%,2014,0.0,0.0,0,0,,
Office Supplies,Phones,0-10%,2015,0.0,0.0,0,0,,
Office Supplies,Phones,0-10%,2016,0.0,0.0,0,0,,
Office Supplies,Phones,0-10%,2017,0.0,0.0,0,0,,
Office Supplies,Phones,10-20%,2014,0.0,0.0,0,0,,
Office Supplies,Phones,10-20%,2015,0.0,0.0,0,0,,
Office Supplies,Phones,10-20%,2016,0.0,0.0,0,0,,
Office Supplies,Phones,10-20%,2017,0.0,0.0,0,0,,
Office Supplies,Phones,20-30%,2014,0.0,0.0,0,0,,
Office Supplies,Phones,20-30%,2015,0.0,0.0,0,0,,
Office Supplies,Phones,20-30%,2016,0.0,0.0,0,0,,
Office Supplies,Phones,20-30%,2017,0.0,0.0,0,0,,
Office Supplies,Phones,30-40%,2014,0.0,0.0,0,0,,
Office Supplies,Phones,30-40%,2015,0.0,0.0,0,0,,
Office Supplies,Phones,30-40%,2016,0.0,0.0,0,0,,
Office Supplies,Phones,30-40%,2017,0.0,0.0,0,0,,
Office Supplies,Phones,40-50%,2014,0.0,0.0,0,0,,
Office Supplies,Phones,40-50%,2015,0.0,0.0,0,0,,
Office Supplies,Phones,40-50%,2016,0.0,0.0,0,0,,
Office Supplies,Phones,40-50%,2017,0.0,0.0,0,0,,
Office Supplies,Phones,50%+,2014,0.0,0.0,0,0,,
Office Supplies,Phones,50%+,2015,0.0,0.0,0,0,,
Office Supplies,Phones,50%+,2016,0.0,0.0,0,0,,
Office Supplies,Phones,50%+,2017,0.0,0.0,0,0,,
Office Supplies,Storage,0-10%,2014,0.0,0.0,0,0,,
Office Supplies,Storage,0-10%,2015,0.0,0.0,0,0,,
Office Supplies,Storage,0-10%,2016,0.0,0.0,0,0,,
Office Supplies,Storage,0-10%,2017,0.0,0.0,0,0,,
Office Supplies,Storage,10-20%,2014,13198.472,-1308.7939999999999,234,61,-0.09916253942122996,-21.45563934426229
Office Supplies,Storage,10-20%,2015,16357.608,-1308.2789,254,61,-0.07997984179593985,-21.447195081967212
Office Supplies,Storage,10-20%,2016,16312.32,-573.4284,280,66,-0.03515308674670433,-8.68830909090909
Office Supplies,Storage,10-20%,2017,20121.448,-1058.8437999999999,346,105,-0.052622644255025774,-10.084226666666666
Office Supplies,Storage,20-30%,2014,0.0,0.0,0,0,,
Office Supplies,Storage,20-30%,2015,0.0,0.0,0,0,,
Office Supplies,Storage,20-30%,2016,0.0,0.0,0,0,,
Office Supplies,Storage,20-30%,2017,0.0,0.0,0,0,,
Office Supplies,Storage,30-40%,2014,0.0,0.0,0,0,,
Office Supplies,Storage,30-40%,2015,0.0,0.0,0,0,,
Office Supplies,Storage,30-40%,2016,0.0,0.0,0,0,,
Office Supplies,Storage,30-40%,2017,0.0,0.0,0,0,,
Office Supplies,Storage,40-50%,2014,0.0,0.0,0,0,,
Office Supplies,Storage,40-50%,2015,0.0,0.0,0,0,,
Office Supplies,Storage,40-50%,2016,0.0,0.0,0,0,,
Office Supplies,Storage,40-50%,2017,0.0,0.0,0,0,,
Office Supplies,Storage,50%+,2014,0.0,0.0,0,0,,
Office Supplies,Storage,50%+,2015,0.0,0.0,0,0,,
Office Supplies,Storage,50%+,2016,0.0,0.0,0,0,,
Office Supplies,Storage,50%+,2017,0.0,0.0,0,0,,
Office Supplies,Supplies,0-10%,2014,0.0,0.0,0,0,,
Office Supplies,Supplies,0-10%,2015,0.0,0.0,0,0,,
Office Supplies,Supplies,0-10%,2016,0.0,0.0,0,0,,
Office Supplies,Supplies,0-10%,2017,0.0,0.0,0,0,,
Office Supplies,Supplies,10-20%,2014,488.68,-66.4242,43,14,-0.1359257591880167,-4.744585714285714
Office Supplies,Supplies,10-20%,2015,1117.2720000000002,-144.8637,62,16,-0.12965840010310825,-9.05398125
Office Supplies,Supplies,10-20%,2016,6627.416,-1247.493,77,21,-0.18823218581721743,-59.40442857142857
Office Supplies,Supplies,10-20%,2017,6880.96,-1448.7128,65,21,-0.2105393433474399,-68.98632380952381
Office Supplies,Supplies,20-30%,2014,0.0,0.0,0,0,,
Office Supplies,Supplies,20-30%,2015,0.0,0.0,0,0,,
Office Supplies,Supplies,20-30%,2016,0.0,0.0,0,0,,
Office Supplies,Supplies,20-30%,2017,0.0,0.0,0,0,,
Office Supplies,Supplies,30-40%,2014,0.0,0.0,0,0,,
Office Supplies,Supplies,30-40%,2015,0.0,0.0,0,0,,
Office Supplies,Supplies,30-40%,2016,0.0,0.0,0,0,,
Office Supplies,Supplies,30-40%,2017,0.0,0.0,0,0,,
Office Supplies,Supplies,40-50%,2014,0.0,0.0,0,0,,
Office Supplies,Supplies,40-50%,2015,0.0,0.0,0,0,,
Office Supplies,Supplies,40-50%,2016,0.0,0.0,0,0,,
Office Supplies,Supplies,40-50%,2017,0.0,0.0,0,0,,
Office Supplies,Supplies,50%+,2014,0.0,0.0,0,0,,
Office Supplies,Supplies,50%+,2015,0.0,0.0,0,0,,
Office Supplies,Supplies,50%+,2016,0.0,0.0,0,0,,
Office Supplies,Supplies,50%+,2017,0.0,0.0,0,0,,
Office Supplies,Tables,0-10%,2014,0.0,0.0,0,0,,
Office Supplies,Tables,0-10%,2015,0.0,0.0,0,0,,
Office Supplies,Tables,0-10%,2016,0.0,0.0,0,0,,
Office Supplies,Tables,0-10%,2017,0.0,0.0,0,0,,
Office Supplies,Tables,10-20%,2014,0.0,0.0,0,0,,
Office Supplies,Tables,10-20%,2015,0.0,0.0,0,0,,
Office Supplies,Tables,10-20%,2016,0.0,0.0,0,0,,
Office Supplies,Tables,10-20%,2017,0.0,0.0,0,0,,
Office Supplies,Tables,20-30%,2014,0.0,0.0,0,0,,
Office Supplies,Tables,20-30%,2015,0.0,0.0,0,0,,
Office Supplies,Tables,20-30%,2016,0.0,0.0,0,0,,
Office Supplies,Tables,20-30%,2017,0.0,0.0,0,0,,
Office Supplies,Tables,30-40%,2014,0.0,0.0,0,0,,
Office Supplies,Tables,30-40%,2015,0.0,0.0,0,0,,
Office Supplies,Tables,30-40%,2016,0.0,0.0,0,0,,
Office Supplies,Tables,30-40%,2017,0.0,0.0,0,0,,
Office Supplies,Tables,40-50%,2014,0.0,0.0,0,0,,
Office Supplies,Tables,40-50%,2015,0.0,0.0,0,0,,
Office Supplies,Tables,40-50%,2016,0.0,0.0,0,0,,
Office Supplies,Tables,40-50%,2017,0.0,0.0,0,0,,
Office Supplies,Tables,50%+,2014,0.0,0.0,0,0,,
Office Supplies,Tables,50%+,2015,0.0,0.0,0,0,,
Office Supplies,Tables,50%+,2016,0.0,0.0,0,0,,
Office Supplies,Tables,50%+,2017,0.0,0.0,0,0,,
Technology,Accessories,0-10%,2014,0.0,0.0,0,0,,
Technology,Accessories,0-10%,2015,0.0,0.0,0,0,,
Technology,Accessories,0-10%,2016,0.0,0.0,0,0,,
Technology,Accessories,0-10%,2017,0.0,0.0,0,0,,
Technology,Accessories,10-20%,2014,9746.112000000001,1481.1835,246,55,0.15197686010585554,26.930609090909094
Technology,Accessories,10-20%,2015,11369.44,1822.4698999999998,256,68,0.1602954850898549,26.801027941176468
Technology,Accessories,10-20%,2016,12360.583999999999,1229.0703999999998,279,68,0.09943465454383062,18.074564705882352
Technology,Accessories,10-20%,2017,15533.872,2114.658,360,92,0.1361320603131016,22.98541304347826
Technology,Accessories,20-30%,2014,0.0,0.0,0,0,,
Technology,Accessories,20-30%,2015,0.0,0.0,0,0,,
Technology,Accessories,20-30%,2016,0.0,0.0,0,0,,
Technology,Accessories,20-30%,2017,0.0,0.0,0,0,,
Technology,Accessories,30-40%,2014,0.0,0.0,0,0,,
Technology,Accessories,30-40%,2015,0.0,0.0,0,0,,
Technology,Accessories,30-40%,2016,0.0,0.0,0,0,,
Technology,Accessories,30-40%,2017,0.0,0.0,0,0,,
Technology,Accessories,40-50%,2014,0.0,0.0,0,0,,
Technology,Accessories,40-50%,2015,0.0,0.0,0,0,,
Technology,Accessories,40-50%,2016,0.0,0.0,0,0,,
Technology,Accessories,40-50%,2017,0.0,0.0,0,0,,
Technology,Accessories,50%+,2014,0.0,0.0,0,0,,
Technology,Accessories,50%+,2015,0.0,0.0,0,0,,
Technology,Accessories,50%+,2016,0.0,0.0,0,0,,
Technology,Accessories,50%+,2017,0.0,0.0,0,0,,
Technology,Appliances,0-10%,2014,0.0,0.0,0,0,,
Technology,Appliances,0-10%,2015,0.0,0.0,0,0,,
Technology,Appliances,0-10%,2016,0.0,0.0,0,0,,
Technology,Appliances,0-10%,2017,0.0,0.0,0,0,,
Technology,Appliances,10-20%,2014,0.0,0.0,0,0,,
Technology,Appliances,10-20%,2015,0.0,0.0,0,0,,
Technology,Appliances,10-20%,2016,0.0,0.0,0,0,,
Technology,Appliances,10-20%,2017,0.0,0.0,0,0,,
Technology,Appliances,20-30%,2014,0.0,0.0,0,0,,
Technology,Appliances,20-30%,2015,0.0,0.0,0,0,,
Technology,Appliances,20-30%,2016,0.0,0.0,0,0,,
Technology,Appliances,20-30%,2017,0.0,0.0,0,0,,
Technology,Appliances,30-40%,2014,0.0,0.0,0,0,,
Technology,Appliances,30-40%,2015,0.0,0.0,0,0,,
Technology,Appliances,30-40%,2016,0.0,0.0,0,0,,
Technology,Appliances,30-40%,2017,0.0,0.0,0,0,,
Technology,Appliances,40-50%,2014,0.0,0.0,0,0,,
Technology,Appliances,40-50%,2015,0.0,0.0,0,0,,
Technology,Appliances,40-50%,2016,0.0,0.0,0,0,,
Technology,Appliances,40-50%,2017,0.0,0.0,0,0,,
Technology,Appliances,50%+,2014,0.0,0.0,0,0,,
Technology,Appliances,50%+,2015,0.0,0.0,0,0,,
Technology,Appliances,50%+,2016,0.0,0.0,0,0,,
Technology,Appliances,50%+,2017,0.0,0.0,0,0,,
Technology,Art,0-10%,2014,0.0,0.0,0,0,,
Technology,Art,0-10%,2015,0.0,0.0,0,0,,
Technology,Art,0-10%,2016,0.0,0.0,0,0,,
Technology,Art,0-10%,2017,0.0,0.0,0,0,,
Technology,Art,10-20%,2014,0.0,0.0,0,0,,
Technology,Art,10-20%,2015,0.0,0.0,0,0,,
Technology,Art,10-20%,2016,0.0,0.0,0,0,,
Technology,Art,10-20%,2017,0.0,0.0,0,0,,
Technology,Art,20-30%,2014,0.0,0.0,0,0,,
Technology,Art,20-30%,2015,0.0,0.0,0,0,,
Technology,Art,20-30%,2016,0.0,0.0,0,0,,
Technology,Art,20-30%,2017,0.0,0.0,0,0,,
Technology,Art,30-40%,2014,0.0,0.0,0,0,,
Technology,Art,30-40%,2015,0.0,0.0,0,0,,
Technology,Art,30-40%,2016,0.0,0.0,0,0,,
Technology,Art,30-40%,2017,0.0,0.0,0,0,,
Technology,Art,40-50%,2014,0.0,0.0,0,0,,
Technology,Art,40-50%,2015,0.0,0.0,0,0,,
Technology,Art,40-50%,2016,0.0,0.0,0,0,,
Technology,Art,40-50%,2017,0.0,0.0,0,0,,
Technology,Art,50%+,2014,0.0,0.0,0,0,,
Technology,Art,50%+,2015,0.0,0.0,0,0,,
Technology,Art,50%+,2016,0.0,0.0,0,0,,
Technology,Art,50%+,2017,0.0,0.0,0,0,,
Technology,Binders,0-10%,2014,0.0,0.0,0,0,,
Technology,Binders,0-10%,2015,0.0,0.0,0,0,,
Technology,Binders,0-10%,2016,0.0,0.0,0,0,,
Technology,Binders,0-10%,2017,0.0,0.0,0,0,,
Technology,Binders,10-20%,2014,0.0,0.0,0,0,,
Technology,Binders,10-20%,2015,0.0,0.0,0,0,,
Technology,Binders,10-20%,2016,0.0,0.0,0,0,,
Technology,Binders,10-20%,2017,0.0,0.0,0,0,,
Technology,Binders,20-30%,2014,0.0,0.0,0,0,,
Technology,Binders,20-30%,2015,0.0,0.0,0,0,,
Technology,Binders,20-30%,2016,0.0,0.0,0,0,,
Technology,Binders,20-30%,2017,0.0,0.0,0,0,,
Technology,Binders,30-40%,2014,0.0,0.0,0,0,,
Technology,Binders,30-40%,2015,0.0,0.0,0,0,,
Technology,Binders,30-40%,2016,0.0,0.0,0,0,,
Technology,Binders,30-40%,2017,0.0,0.0,0,0,,
Technology,Binders,40-50%,2014,0.0,0.0,0,0,,
Technology,Binders,40-50%,2015,0.0,0.0,0,0,,
Technology,Binders,40-50%,2016,0.0,0.0,0,0,,
Technology,Binders,40-50%,2017,0.0,0.0,0,0,,
Technology,Binders,50%+,2014,0.0,0.0,0,0,,
Technology,Binders,50%+,2015,0.0,0.0,0,0,,
Technology,Binders,50%+,2016,0.0,0.0,0,0,,
Technology,Binders,50%+,2017,0.0,0.0,0,0,,
Technology,Bookcases,0-10%,2014,0.0,0.0,0,0,,
Technology,Bookcases,0-10%,2015,0.0,0.0,0,0,,
Technology,Bookcases,0-10%,2016,0.0,0.0,0,0,,
Technology,Bookcases,0-10%,2017,0.0,0.0,0,0,,
Technology,Bookcases,10-20%,2014,0.0,0.0,0,0,,
Technology,Bookcases,10-20%,2015,0.0,0.0,0,0,,
Technology,Bookcases,10-20%,2016,0.0,0.0,0,0,,
Technology,Bookcases,10-20%,2017,0.0,0.0,0,0,,
Technology,Bookcases,20-30%,2014,0.0,0.0,0,0,,
Technology,Bookcases,20-30%,2015,0.0,0.0,0,0,,
Technology,Bookcases,20-30%,2016,0.0,0.0,0,0,,
Technology,Bookcases,20-30%,2017,0.0,0.0,0,0,,
Technology,Bookcases,30-40%,2014,0.0,0.0,0,0,,
Technology,Bookcases,30-40%,2015,0.0,0.0,0,0,,
Technology,Bookcases,30-40%,2016,0.0,0.0,0,0,,
Technology,Bookcases,30-40%,2017,0.0,0.0,0,0,,
Technology,Bookcases,40-50%,2014,0.0,0.0,0,0,,
Technology,Bookcases,40-50%,2015,0.0,0.0,0,0,,
Technology,Bookcases,40-50%,2016,0.0,0.0,0,0,,
Technology,Bookcases,40-50%,2017,0.0,0.0,0,0,,
Technology,Bookcases,50%+,2014,0.0,0.0,0,0,,
Technology,Bookcases,50%+,2015,0.0,0.0,0,0,,
Technology,Bookcases,50%+,2016,0.0,0.0,0,0,,
Technology,Bookcases,50%+,2017,0.0,0.0,0,0,,
Technology,Chairs,0-10%,2014,0.0,0.0,0,0,,
Technology,Chairs,0-10%,2015,0.0,0.0,0,0,,
Technology,Chairs,0-10%,2016,0.0,0.0,0,0,,
Technology,Chairs,0-10%,2017,0.0,0.0,0,0,,
Technology,Chairs,10-20%,2014,0.0,0.0,0,0,,
Technology,Chairs,10-20%,2015,0.0,0.0,0,0,,
Technology,Chairs,10-20%,2016,0.0,0.0,0,0,,
Technology,Chairs,10-20%,2017,0.0,0.0,0,0,,
Technology,Chairs,20-30%,2014,0.0,0.0,0,0,,
Technology,Chairs,20-30%,2015,0.0,0.0,0,0,,
Technology,Chairs,20-30%,2016,0.0,0.0,0,0,,
Technology,Chairs,20-30%,2017,0.0,0.0,0,0,,
Technology,Chairs,30-40%,2014,0.0,0.0,0,0,,
Technology,Chairs,30-40%,2015,0.0,0.0,0,0,,
Technology,Chairs,30-40%,2016,0.0,0.0,0,0,,
Technology,Chairs,30-40%,2017,0.0,0.0,0,0,,
Technology,Chairs,40-50%,2014,0.0,0.0,0,0,,
Technology,Chairs,40-50%,2015,0.0,0.0,0,0,,
Technology,Chairs,40-50%,2016,0.0,0.0,0,0,,
Technology,Chairs,40-50%,2017,0.0,0.0,0,0,,
Technology,Chairs,50%+,2014,0.0,0.0,0,0,,
Technology,Chairs,50%+,2015,0.0,0.0,0,0,,
Technology,Chairs,50%+,2016,0.0,0.0,0,0,,
Technology,Chairs,50%+,2017,0.0,0.0,0,0,,
Technology,Copiers,0-10%,2014,0.0,0.0,0,0,,
Technology,Copiers,0-10%,2015,0.0,0.0,0,0,,
Technology,Copiers,0-10%,2016,0.0,0.0,0,0,,
Technology,Copiers,0-10%,2017,0.0,0.0,0,0,,
Technology,Copiers,10-20%,2014,4959.888,1459.9688,14,5,0.2943551951173091,291.99376
Technology,Copiers,10-20%,2015,14479.68,4662.9,40,13,0.3220305973612676,358.68461538461537
Technology,Copiers,10-20%,2016,8719.824,2636.9503999999997,22,6,0.3024086724686186,439.4917333333333
Technology,Copiers,10-20%,2017,27999.656,9118.8956,43,13,0.3256788440543698,701.4535076923077
Technology,Copiers,20-30%,2014,0.0,0.0,0,0,,
Technology,Copiers,20-30%,2015,0.0,0.0,0,0,,
Technology,Copiers,20-30%,2016,0.0,0.0,0,0,,
Technology,Copiers,20-30%,2017,0.0,0.0,0,0,,
Technology,Copiers,30-40%,2014,3539.934,475.99120000000005,11,3,0.13446329790329425,158.66373333333334
Technology,Copiers,30-40%,2015,0.0,0.0,0,0,,
Technology,Copiers,30-40%,2016,11879.916000000001,1561.989,14,4,0.1314814852226228,390.49725
Technology,Copiers,30-40%,2017,1499.952,144.995,8,2,0.09666642665898642,72.4975
Technology,Copiers,40-50%,2014,0.0,0.0,0,0,,
Technology,Copiers,40-50%,2015,0.0,0.0,0,0,,
Technology,Copiers,40-50%,2016,0.0,0.0,0,0,,
Technology,Copiers,40-50%,2017,0.0,0.0,0,0,,
Technology,Copiers,50%+,2014,0.0,0.0,0,0,,
Technology,Copiers,50%+,2015,0.0,0.0,0,0,,
Technology,Copiers,50%+,2016,0.0,0.0,0,0,,
Technology,Copiers,50%+,2017,0.0,0.0,0,0,,
Technology,Envelopes,0-10%,2014,0.0,0.0,0,0,,
Technology,Envelopes,0-10%,2015,0.0,0.0,0,0,,
Technology,Envelopes,0-10%,2016,0.0,0.0,0,0,,
Technology,Envelopes,0-10%,2017,0.0,0.0,0,0,,
Technology,Envelopes,10-20%,2014,0.0,0.0,0,0,,
Technology,Envelopes,10-20%,2015,0.0,0.0,0,0,,
Technology,Envelopes,10-20%,2016,0.0,0.0,0,0,,
Technology,Envelopes,10-20%,2017,0.0,0.0,0,0,,
Technology,Envelopes,20-30%,2014,0.0,0.0,0,0,,
Technology,Envelopes,20-30%,2015,0.0,0.0,0,0,,
Technology,Envelopes,20-30%,2016,0.0,0.0,0,0,,
Technology,Envelopes,20-30%,2017,0.0,0.0,0,0,,
Technology,Envelopes,30-40%,2014,0.0,0.0,0,0,,
Technology,Envelopes,30-40%,2015,0.0,0.0,0,0,,
Technology,Envelopes,30-40%,2016,0.0,0.0,0,0,,
Technology,Envelopes,30-40%,2017,0.0,0.0,0,0,,
Technology,Envelopes,40-50%,2014,0.0,0.0,0,0,,
Technology,Envelopes,40-50%,2015,0.0,0.0,0,0,,
Technology,Envelopes,40-50%,2016,0.0,0.0,0,0,,
Technology,Envelopes,40-50%,2017,0.0,0.0,0,0,,
Technology,Envelopes,50%+,2014,0.0,0.0,0,0,,
Technology,Envelopes,50%+,2015,0.0,0.0,0,0,,
Technology,Envelopes,50%+,2016,0.0,0.0,0,0,,
Technology,Envelopes,50%+,2017,0.0,0.0,0,0,,
Technology,Fasteners,0-10%,2014,0.0,0.0,0,0,,
Technology,Fasteners,0-10%,2015,0.0,0.0,0,0,,
Technology,Fasteners,0-10%,2016,0.0,0.0,0,0,,
Technology,Fasteners,0-10%,2017,0.0,0.0,0,0,,
Technology,Fasteners,10-20%,2014,0.0,0.0,0,0,,
Technology,Fasteners,10-20%,2015,0.0,0.0,0,0,,
Technology,Fasteners,10-20%,2016,0.0,0.0,0,0,,
Technology,Fasteners,10-20%,2017,0.0,0.0,0,0,,
Technology,Fasteners,20-30%,2014,0.0,0.0,0,0,,
Technology,Fasteners,20-30%,2015,0.0,0.0,0,0,,
Technology,Fasteners,20-30%,2016,0.0,0.0,0,0,,
Technology,Fasteners,20-30%,2017,0.0,0.0,0,0,,
Technology,Fasteners,30-40%,2014,0.0,0.0,0,0,,
Technology,Fasteners,30-40%,2015,0.0,0.0,0,0,,
Technology,Fasteners,30-40%,2016,0.0,0.0,0,0,,
Technology,Fasteners,30-40%,2017,0.0,0.0,0,0,,
Technology,Fasteners,40-50%,2014,0.0,0.0,0,0,,
Technology,Fasteners,40-50%,2015,0.0,0.0,0,0,,
Technology,Fasteners,40-50%,2016,0.0,0.0,0,0,,
Technology,Fasteners,40-50%,2017,0.0,0.0,0,0,,
Technology,Fasteners,50%+,2014,0.0,0.0,0,0,,
Technology,Fasteners,50%+,2015,0.0,0.0,0,0,,
Technology,Fasteners,50%+,2016,0.0,0.0,0,0,,
Technology,Fasteners,50%+,2017,0.0,0.0,0,0,,
Technology,Furnishings,0-10%,2014,0.0,0.0,0,0,,
Technology,Furnishings,0-10%,2015,0.0,0.0,0,0,,
Technology,Furnishings,0-10%,2016,0.0,0.0,0,0,,
Technology,Furnishings,0-10%,2017,0.0,0.0,0,0,,
Technology,Furnishings,10-20%,2014,0.0,0.0,0,0,,
Technology,Furnishings,10-20%,2015,0.0,0.0,0,0,,
Technology,Furnishings,10-20%,2016,0.0,0.0,0,0,,
Technology,Furnishings,10-20%,2017,0.0,0.0,0,0,,
Technology,Furnishings,20-30%,2014,0.0,0.0,0,0,,
Technology,Furnishings,20-30%,2015,0.0,0.0,0,0,,
Technology,Furnishings,20-30%,2016,0.0,0.0,0,0,,
Technology,Furnishings,20-30%,2017,0.0,0.0,0,0,,
Technology,Furnishings,30-40%,2014,0.0,0.0,0,0,,
Technology,Furnishings,30-40%,2015,0.0,0.0,0,0,,
Technology,Furnishings,30-40%,2016,0.0,0.0,0,0,,
Technology,Furnishings,30-40%,2017,0.0,0.0,0,0,,
Technology,Furnishings,40-50%,2014,0.0,0.0,0,0,,
Technology,Furnishings,40-50%,2015,0.0,0.0,0,0,,
Technology,Furnishings,40-50%,2016,0.0,0.0,0,0,,
Technology,Furnishings,40-50%,2017,0.0,0.0,0,0,,
Technology,Furnishings,50%+,2014,0.0,0.0,0,0,,
Technology,Furnishings,50%+,2015,0.0,0.0,0,0,,
Technology,Furnishings,50%+,2016,0.0,0.0,0,0,,
Technology,Furnishings,50%+,2017,0.0,0.0,0,0,,
Technology,Labels,0-10%,2014,0.0,0.0,0,0,,
Technology,Labels,0-10%,2015,0.0,0.0,0,0,,
Technology,Labels,0-10%,2016,0.0,0.0,0,0,,
Technology,Labels,0-10%,2017,0.0,0.0,0,0,,
Technology,Labels,10-20%,2014,0.0,0.0,0,0,,
Technology,Labels,10-20%,2015,0.0,0.0,0,0,,
Technology,Labels,10-20%,2016,0.0,0.0,0,0,,
Technology,Labels,10-20%,2017,0.0,0.0,0,0,,
Technology,Labels,20-30%,2014,0.0,0.0,0,0,,
Technology,Labels,20-30%,2015,0.0,0.0,0,0,,
Technology,Labels,20-30%,2016,0.0,0.0,0,0,,
Technology,Labels,20-30%,2017,0.0,0.0,0,0,,
Technology,Labels,30-40%,2014,0.0,0.0,0,0,,
Technology,Labels,30-40%,2015,0.0,0.0,0,0,,
Technology,Labels,30-40%,2016,0.0,0.0,0,0,,
Technology,Labels,30-40%,2017,0.0,0.0,0,0,,
Technology,Labels,40-50%,2014,0.0,0.0,0,0,,
Technology,Labels,40-50%,2015,0.0,0.0,0,0,,
Technology,Labels,40-50%,2016,0.0,0.0,0,0,,
Technology,Labels,40-50%,2017,0.0,0.0,0,0,,
Technology,Labels,50%+,2014,0.0,0.0,0,0,,
Technology,Labels,50%+,2015,0.0,0.0,0,0,,
Technology,Labels,50%+,2016,0.0,0.0,0,0,,
Technology,Labels,50%+,2017,0.0,0.0,0,0,,
Technology,Machines,0-10%,2014,0.0,0.0,0,0,,
Technology,Machines,0-10%,2015,0.0,0.0,0,0,,
Technology,Machines,0-10%,2016,0.0,0.0,0,0,,
Technology,Machines,0-10%,2017,3410.955,832.0843,5,2,0.2439446723864724,416.04215
Technology,Machines,10-20%,2014,3470.1760000000004,1164.2048,20,5,0.3354886899108287,232.84096
Technology,Machines,10-20%,2015,8312.208,984.3725999999999,24,6,0.11842492391913194,164.0621
Technology,Machines,10-20%,2016,13639.887999999999,1461.4633,37,10,0.10714628301933271,146.14632999999998
Technology,Machines,10-20%,2017,12532.296,1360.1617,36,10,0.10853252269177173,136.01617000000002
Technology,Machines,20-30%,2014,574.91,156.047,2,1,0.27142857142857146,156.047
Technology,Machines,20-30%,2015,600.53,137.264,2,1,0.2285714285714286,137.264
Technology,Machines,20-30%,2016,2370.879,23.729100000000003,6,2,0.010008566443078707,11.864550000000001
Technology,Machines,20-30%,2017,209.986,8.9994,2,1,0.04285714285714286,8.9994
Technology,Machines,30-40%,2014,15717.252,-2540.7453,28,5,-0.16165327755767994,-508.14906
Technology,Machines,30-40%,2015,1167.438,9.68010000000001,7,3,0.008291746542428813,3.2267000000000032
Technology,Machines,30-40%,2016,287.91,33.5895,3,1,0.11666666666666665,33.5895
Technology,Machines,30-40%,2017,2373.624,-169.36769999999999,9,3,-0.0713540560762783,-56.45589999999999
Technology,Machines,40-50%,2014,27384.754999999997,-3344.4946,15,3,-0.12212979813038313,-1114.8315333333333
Technology,Machines,40-50%,2015,32.985,-1.9791,3,1,-0.060000000000000005,-1.9791
Technology,Machines,40-50%,2016,1052.65,-141.157,4,3,-0.13409680330594215,-47.05233333333334
Technology,Machines,40-50%,2017,9464.68,-4147.5984,10,4,-0.4382185557250747,-1036.8996
Technology,Machines,50%+,2014,738.45,-825.1893,14,4,-1.1174613040828763,-206.297325
Technology,Machines,50%+,2015,4010.316,-4358.015,21,5,-1.0867011477399788,-871.6030000000001
Technology,Machines,50%+,2016,6700.0289999999995,-9329.3338,32,8,-1.3924318536531708,-1166.166725
Technology,Machines,50%+,2017,4152.714,-5066.781,22,5,-1.2201131597312023,-1013.3562
Technology,Paper,0-10%,2014,0.0,0.0,0,0,,
Technology,Paper,0-10%,2015,0.0,0.0,0,0,,
Technology,Paper,0-10%,2016,0.0,0.0,0,0,,
Technology,Paper,0-10%,2017,0.0,0.0,0,0,,
Technology,Paper,10-20%,2014,0.0,0.0,0,0,,
Technology,Paper,10-20%,2015,0.0,0.0,0,0,,
Technology,Paper,10-20%,2016,0.0,0.0,0,0,,
Technology,Paper,10-20%,2017,0.0,0.0,0,0,,
Technology,Paper,20-30%,2014,0.0,0.0,0,0,,
Technology,Paper,20-30%,2015,0.0,0.0,0,0,,
Technology,Paper,20-30%,2016,0.0,0.0,0,0,,
Technology,Paper,20-30%,2017,0.0,0.0,0,0,,
Technology,Paper,30-40%,2014,0.0,0.0,0,0,,
Technology,Paper,30-40%,2015,0.0,0.0,0,0,,
Technology,Paper,30-40%,2016,0.0,0.0,0,0,,
Technology,Paper,30-40%,2017,0.0,0.0,0,0,,
Technology,Paper,40-50%,2014,0.0,0.0,0,0,,
Technology,Paper,40-50%,2015,0.0,0.0,0,0,,
Technology,Paper,40-50%,2016,0.0,0.0,0,0,,
Technology,Paper,40-50%,2017,0.0,0.0,0,0,,
Technology,Paper,50%+,2014,0.0,0.0,0,0,,
Technology,Paper,50%+,2015,0.0,0.0,0,0,,
Technology,Paper,50%+,2016,0.0,0.0,0,0,,
Technology,Paper,50%+,2017,0.0,0.0,0,0,,
Technology,Phones,0-10%,2014,0.0,0.0,0,0,,
Technology,Phones,0-10%,2015,0.0,0.0,0,0,,
Technology,Phones,0-10%,2016,0.0,0.0,0,0,,
Technology,Phones,0-10%,2017,0.0,0.0,0,0,,
Technology,Phones,10-20%,2014,40826.856,4194.9207,401,84,0.10274905077187427,49.93953214285714
Technology,Phones,10-20%,2015,33367.496,3629.1768,346,87,0.10876383412168537,41.714675862068965
Technology,Phones,10-20%,2016,47006.144,4368.0528,444,112,0.09292514612557883,39.00047142857143
Technology,Phones,10-20%,2017,50589.496,4344.1564,582,155,0.08587071909156795,28.026815483870966
Technology,Phones,20-30%,2014,0.0,0.0,0,0,,
Technology,Phones,20-30%,2015,0.0,0.0,0,0,,
Technology,Phones,20-30%,2016,0.0,0.0,0,0,,
Technology,Phones,20-30%,2017,0.0,0.0,0,0,,
Technology,Phones,30-40%,2014,5480.01,-1053.5152,68,15,-0.19224694845447363,-70.23434666666667
Technology,Phones,30-40%,2015,6312.906,-1197.1325,83,19,-0.1896325559100674,-63.00697368421052
Technology,Phones,30-40%,2016,7971.996,-1744.5023,96,25,-0.21882879770637118,-69.78009200000001
Technology,Phones,30-40%,2017,14572.44,-2390.6354,167,39,-0.16405182659870277,-61.298343589743595
Technology,Phones,40-50%,2014,0.0,0.0,0,0,,
Technology,Phones,40-50%,2015,0.0,0.0,0,0,,
Technology,Phones,40-50%,2016,0.0,0.0,0,0,,
Technology,Phones,40-50%,2017,0.0,0.0,0,0,,
Technology,Phones,50%+,2014,0.0,0.0,0,0,,
Technology,Phones,50%+,2015,0.0,0.0,0,0,,
Technology,Phones,50%+,2016,0.0,0.0,0,0,,
Technology,Phones,50%+,2017,0.0,0.0,0,0,,
Technology,Storage,0-10%,2014,0.0,0.0,0,0,,
Technology,Storage,0-10%,2015,0.0,0.0,0,0,,
Technology,Storage,0-10%,2016,0.0,0.0,0,0,,
Technology,Storage,0-10%,2017,0.0,0.0,0,0,,
Technology,Storage,10-20%,2014,0.0,0.0,0,0,,
Technology,Storage,10-20%,2015,0.0,0.0,0,0,,
Technology,Storage,10-20%,2016,0.0,0.0,0,0,,
Technology,Storage,10-20%,2017,0.0,0.0,0,0,,
Technology,Storage,20-30%,2014,0.0,0.0,0,0,,
Technology,Storage,20-30%,2015,0.0,0.0,0,0,,
Technology,Storage,20-30%,2016,0.0,0.0,0,0,,
Technology,Storage,20-30%,2017,0.0,0.0,0,0,,
Technology,Storage,30-40%,2014,0.0,0.0,0,0,,
Technology,Storage,30-40%,2015,0.0,0.0,0,0,,
Technology,Storage,30-40%,2016,0.0,0.0,0,0,,
Technology,Storage,30-40%,2017,0.0,0.0,0,0,,
Technology,Storage,40-50%,2014,0.0,0.0,0,0,,
Technology,Storage,40-50%,2015,0.0,0.0,0,0,,
Technology,Storage,40-50%,2016,0.0,0.0,0,0,,
Technology,Storage,40-50%,2017,0.0,0.0,0,0,,
Technology,Storage,50%+,2014,0.0,0.0,0,0,,
Technology,Storage,50%+,2015,0.0,0.0,0,0,,
Technology,Storage,50%+,2016,0.0,0.0,0,0,,
Technology,Storage,50%+,2017,0.0,0.0,0,0,,
Technology,Supplies,0-10%,2014,0.0,0.0,0,0,,
Technology,Supplies,0-10%,2015,0.0,0.0,0,0,,
Technology,Supplies,0-10%,2016,0.0,0.0,0,0,,
Technology,Supplies,0-10%,2017,0.0,0.0,0,0,,
Technology,Supplies,10-20%,2014,0.0,0.0,0,0,,
Technology,Supplies,10-20%,2015,0.0,0.0,0,0,,
Technology,Supplies,10-20%,2016,0.0,0.0,0,0,,
Technology,Supplies,10-20%,2017,0.0,0.0,0,0,,
Technology,Supplies,20-30%,2014,0.0,0.0,0,0,,
Technology,Supplies,20-30%,2015,0.0,0.0,0,0,,
Technology,Supplies,20-30%,2016,0.0,0.0,0,0,,
Technology,Supplies,20-30%,2017,0.0,0.0,0,0,,
Technology,Supplies,30-40%,2014,0.0,0.0,0,0,,
Technology,Supplies,30-40%,2015,0.0,0.0,0,0,,
Technology,Supplies,30-40%,2016,0.0,0.0,0,0,,
Technology,Supplies,30-40%,2017,0.0,0.0,0,0,,
Technology,Supplies,40-50%,2014,0.0,0.0,0,0,,
Technology,Supplies,40-50%,2015,0.0,0.0,0,0,,
Technology,Supplies,40-50%,2016,0.0,0.0,0,0,,
Technology,Supplies,40-50%,2017,0.0,0.0,0,0,,
Technology,Supplies,50%+,2014,0.0,0.0,0,0,,
Technology,Supplies,50%+,2015,0.0,0.0,0,0,,
Technology,Supplies,50%+,2016,0.0,0.0,0,0,,
Technology,Supplies,50%+,2017,0.0,0.0,0,0,,
Technology,Tables,0-10%,2014,0.0,0.0,0,0,,
Technology,Tables,0-10%,2015,0.0,0.0,0,0,,
Technology,Tables,0-10%,2016,0.0,0.0,0,0,,
Technology,Tables,0-10%,2017,0.0,0.0,0,0,,
Technology,Tables,10-20%,2014,0.0,0.0,0,0,,
Technology,Tables,10-20%,2015,0.0,0.0,0,0,,
Technology,Tables,10-20%,2016,0.0,0.0,0,0,,
Technology,Tables,10-20%,2017,0.0,0.0,0,0,,
Technology,Tables,20-30%,2014,0.0,0.0,0,0,,
Technology,Tables,20-30%,2015,0.0,0.0,0,0,,
Technology,Tables,20-30%,2016,0.0,0.0,0,0,,
Technology,Tables,20-30%,2017,0.0,0.0,0,0,,
Technology,Tables,30-40%,2014,0.0,0.0,0,0,,
Technology,Tables,30-40%,2015,0.0,0.0,0,0,,
Technology,Tables,30-40%,2016,0.0,0.0,0,0,,
Technology,Tables,30-40%,2017,0.0,0.0,0,0,,
Technology,Tables,40-50%,2014,0.0,0.0,0,0,,
Technology,Tables,40-50%,2015,0.0,0.0,0,0,,
Technology,Tables,40-50%,2016,0.0,0.0,0,0,,
Technology,Tables,40-50%,2017,0.0,0.0,0,0,,
Technology,Tables,50%+,2014,0.0,0.0,0,0,,
Technology,Tables,50%+,2015,0.0,0.0,0,0,,
Technology,Tables,50%+,2016,0.0,0.0,0,0,,
Technology,Tables,50%+,2017,0.0,0.0,0,0,,
